Название	Цена	Размер скидки	Мера веса/объема/цена за указанную меру	Старая цена	Ссылка на картинку
Сок Rich апельсиновый 1л	119.99	0.0	1 шт	119.99	https://photos.okolo.app/product/1159185-main/320x320.jpeg
Вода Шишкин лес Спорт питьевая негазированная, 400мл	44.99	0.0	1 шт	44.99	https://photos.okolo.app/product/1159166-main/320x320.jpeg
Вода Borjomi минеральная газированная 0.5л	109.99	0.0	1 шт	109.99	https://photos.okolo.app/product/1159059-main/320x320.jpeg
Вода Рычал су минеральная лечебно-столовая газированная, 500мл	62.99	0.0	1 шт	62.99	https://photos.okolo.app/product/1159056-main/320x320.jpeg
Вода Рычал су минеральная лечебно-столовая газированная, 1л	69.99	26	1 шт	94.99	https://photos.okolo.app/product/1159055-main/320x320.jpeg
Сок Сады Придонья яблоко-вишня для детского питания 1л	79.99	0.0	1 шт	79.99	https://photos.okolo.app/product/1159029-main/320x320.jpeg
Нектар Мой Ананас 0.95л	69.99	0.0	1 шт	69.99	https://photos.okolo.app/product/1456901-main/320x320.jpeg
Вода Шишкин лес Спорт питьевая негазированная, 1л	59.99	0.0	1 шт	59.99	https://photos.okolo.app/product/1158775-main/320x320.jpeg
Энергетический напиток Adrenaline Rush 250мл	74.99	0.0	1 шт	74.99	https://photos.okolo.app/product/1158573-main/320x320.jpeg
Сок Добрый томатный с мякотью 1л	99.99	13	1 шт	114.99	https://photos.okolo.app/product/1158551-main/320x320.jpeg
Сок Добрый яблочный 1л	99.99	13	1 шт	114.99	https://photos.okolo.app/product/1158550-main/320x320.jpeg
Вода Borjomi минеральная лечебно-столовая газированная 500мл	89.99	0.0	1 шт	89.99	https://photos.okolo.app/product/1158539-main/320x320.jpeg
Вода Арктик природная питьевая негазированная, 2л	55.99	0.0	1 шт	55.99	https://photos.okolo.app/product/1158201-main/320x320.jpeg
Вода Шишкин лес питьевая негазированная, 5л	89.49	0.0	1 шт	89.49	https://photos.okolo.app/product/1158159-main/320x320.jpeg
Напиток энергетический Drive Me Bubble Blast 449мл	49.99	0.0	1 шт	49.99	https://photos.okolo.app/product/1472147-main/320x320.jpeg
Напиток UniJuice Тархун газированный 1.5 л	46.19	0.0	1 шт	46.19	https://photos.okolo.app/product/1470536-main/320x320.jpeg
Нектар Добрый Яблоко 1.47л	144.99	0.0	1 шт	144.99	https://photos.okolo.app/product/1467436-main/320x320.jpeg
Нектар Добрый Апельсин 1.47л	174.99	0.0	1 шт	174.99	https://photos.okolo.app/product/1467435-main/320x320.jpeg
Вода питьевая Aqua Minerale Juicy черешня 1л	69.99	0.0	1 шт	69.99	https://photos.okolo.app/product/1466381-main/320x320.jpeg
Напиток Evervess Блэк Роял газированный 0.5л	69.99	0.0	1 шт	69.99	https://photos.okolo.app/product/1468000-main/320x320.jpeg
Напиток Evervess Блэк Роял газированный 0.33л	59.99	0.0	1 шт	59.99	https://photos.okolo.app/product/1469291-main/320x320.jpeg
Напиток Evervess Блэк Роял газированный 1.5л	119.99	0.0	1 шт	119.99	https://photos.okolo.app/product/1468527-main/320x320.jpeg
Сок Soko Grande Гранатовый прямого отжима 0.3л	69.99	0.0	1 шт	69.99	https://photos.okolo.app/product/1466951-main/320x320.jpeg
Нектар Любимый томат 1.45л	129.99	0.0	1 шт	129.99	https://photos.okolo.app/product/1466983-main/320x320.jpeg
Напиток Любимый Тропические Фрукты сокосодержащий 1.45л	129.99	0.0	1 шт	129.99	https://photos.okolo.app/product/1466980-main/320x320.jpeg
Напиток Yes! Черный чай со вкусом Персика негазированный 1л	98.99	0.0	1 шт	98.99	https://photos.okolo.app/product/1474409-main/320x320.jpeg
Напиток Funky Monkey Кола Классик 1.5л	94.49	0.0	1 шт	94.49	https://photos.okolo.app/product/1458343-main/320x320.jpeg
Напиток Fresh Bar Мэджик Скиллс газированный 0.45л	54.99	0.0	1 шт	54.99	https://photos.okolo.app/product/1461275-main/320x320.jpeg
Напиток Черноголовка Кола газированный 0.5л	69.99	0.0	1 шт	69.99	https://photos.okolo.app/product/1461050-main/320x320.jpeg
Напиток Черноголовка Кола газированный 1л	129.99	0.0	1 шт	129.99	https://photos.okolo.app/product/1460658-main/320x320.jpeg
Напиток Evervess Пленительный Апельсин 0.5л	69.99	0.0	1 шт	69.99	https://photos.okolo.app/product/1459484-main/320x320.jpeg
Напиток газированный Frustyle лимон-лайм 2л	119.99	0.0	1 шт	119.99	https://photos.okolo.app/product/1459520-main/320x320.jpeg
Напиток газированный Frustyle Лимон-лайм 1л	69.99	0.0	1 шт	69.99	https://photos.okolo.app/product/1460627-main/320x320.jpeg
Напиток Frustyle апельсин газированный 2л	119.99	0.0	1 шт	119.99	https://photos.okolo.app/product/1459518-main/320x320.jpeg
Сок Любимый томатный с мякотью 970мл	99.99	0.0	1 шт	99.99	https://photos.okolo.app/product/1459554-main/320x320.jpeg
Сок Любимый яблочный осветленный 970мл	99.99	0.0	1 шт	99.99	https://photos.okolo.app/product/1459550-main/320x320.jpeg
Напиток CoolCola газированный 0.5л	59.99	0.0	1 шт	59.99	https://photos.okolo.app/product/1457755-main/320x320.jpeg
Напиток Fancy газированный 0.5л	59.99	0.0	1 шт	59.99	https://photos.okolo.app/product/1457754-main/320x320.jpeg
Напиток Positivity кола 2л	125.99	0.0	1 шт	125.99	https://photos.okolo.app/product/1458287-main/320x320.jpeg
Напиток Positivity Апельсин газированный 2л	139.99	0.0	1 шт	139.99	https://photos.okolo.app/product/1457453-main/320x320.jpeg
Напиток Positivity Лимон газированный 2л	125.99	0.0	1 шт	125.99	https://photos.okolo.app/product/1457452-main/320x320.jpeg
Напиток Русский дар Лимонад дюшес газированный 2л	99.99	0.0	1 шт	99.99	https://photos.okolo.app/product/1456457-main/320x320.jpeg
Напиток Русский дар Дикая тайга газированный 2л	99.99	0.0	1 шт	99.99	https://photos.okolo.app/product/1456455-main/320x320.jpeg
Напиток Русский дар Дикая тайга газированный 0.5л	39.99	0.0	1 шт	39.99	https://photos.okolo.app/product/1456414-main/320x320.jpeg
Лимонад Ильинские Лимонады газированный 1.42л	64.99	0.0	1 шт	64.99	https://photos.okolo.app/product/1451556-main/320x320.jpeg
Напиток Ильинские лимонады Дюшес газированный 1.42л	64.99	0.0	1 шт	64.99	https://photos.okolo.app/product/1451555-main/320x320.jpeg
Напиток Fancy газированный 1.5л	79.99	13	1 шт	91.99	https://photos.okolo.app/product/1451280-main/320x320.jpeg
Напиток Street газированный 1.5л	79.99	13	1 шт	91.99	https://photos.okolo.app/product/1451336-main/320x320.jpeg
Энергетический напиток Burn Gold Rush 449мл	153.99	0.0	1 шт	153.99	https://photos.okolo.app/product/1451335-main/320x320.jpeg
Напиток CoolСola газированный 1.5л	79.99	13	1 шт	91.99	https://photos.okolo.app/product/1447770-main/320x320.jpeg
Напиток Fresh Bar Kiwi Mix 1.5л	89.99	0.0	1 шт	89.99	https://photos.okolo.app/product/1447204-main/320x320.jpeg
Напиток Fresh Bar Alfa Cola 1.5л	89.99	0.0	1 шт	89.99	https://photos.okolo.app/product/1447203-main/320x320.jpeg
Энергетический напиток Black Monster Pipeline punch 0.449л	124.99	0.0	1 шт	124.99	https://photos.okolo.app/product/1439237-main/320x320.jpeg
Напиток My Komboocha Зеленый чай нефильтрованный непастеризованный 330мл	99.99	0.0	1 шт	99.99	https://photos.okolo.app/product/1439271-main/320x320.jpeg
Напиток 100 KWT RAW ENERGY энергетический 0.45л	59.99	0.0	1 шт	59.99	https://photos.okolo.app/product/1424128-main/320x320.jpeg
Напиток 100 KWT BERRY энергетический 0.45л	59.99	0.0	1 шт	59.99	https://photos.okolo.app/product/1424127-main/320x320.jpeg
Напиток Evervess вкус Индиан Тоник газированный 0.33л	59.99	0.0	1 шт	59.99	https://photos.okolo.app/product/1423114-main/320x320.jpeg
Напиток Fresh Бабл Гам с кусочками кокосового желе 0.32л	42.99	23	1 шт	55.99	https://photos.okolo.app/product/1409123-main/320x320.jpeg
Энергетический напиток E-ON Danger Berry 0.45л	79.99	0.0	1 шт	79.99	https://photos.okolo.app/product/1436240-main/320x320.jpeg
Энергетический напиток Tornado Energy Кокос 0.45л	54.99	0.0	1 шт	54.99	https://photos.okolo.app/product/1436239-main/320x320.jpeg
Кисель Русский продукт Клюквенный 190г	64.99	0.0	1 шт	64.99	https://photos.okolo.app/product/1397909-main/320x320.jpeg
Кисель Русский Продукт Малиновый 190г	64.99	0.0	1 шт	64.99	https://photos.okolo.app/product/1398455-main/320x320.jpeg
Double you Арбуз-гуава энергетический напиток 0.450л	89.99	0.0	1 шт	89.99	https://photos.okolo.app/product/1432787-main/320x320.jpeg
Double you Таурин-кофеин энергетический напиток 0.450л	89.99	0.0	1 шт	89.99	https://photos.okolo.app/product/1432772-main/320x320.jpeg
Квас Желтая Бочка нефильтрованный 1.5л	66.99	24	1 шт	88.49	https://photos.okolo.app/product/1218935-main/320x320.jpeg
Напиток сокосодержащий Красная Цена Мультифрукт 1л	46.99	0.0	1 шт	46.99	https://photos.okolo.app/product/1391414-main/320x320.jpeg
Квас Русский узор 0.5л	44.99	0.0	1 шт	44.99	https://photos.okolo.app/product/1216002-main/320x320.jpeg
Вода Святой источник со вкусом клубники 1.5л	58.99	16	1 шт	69.99	https://photos.okolo.app/product/1215152-main/320x320.jpeg
Вода Святой источник со вкусом лимона 1.5л	58.99	16	1 шт	69.99	https://photos.okolo.app/product/1215151-main/320x320.jpeg
Пиво Amstel 0.0 светлое безалкогольное 330мл	29.99	0.0	1 шт	29.99	https://photos.okolo.app/product/1443013-main/320x320.jpeg
Сок Soko Grande Дивное яблоко 0.33л	59.99	0.0	1 шт	59.99	https://photos.okolo.app/product/1236093-main/320x320.jpeg
Пиво безалкогольное Furstkeg alkoholfrei 0.5л	64.99	0.0	1 шт	64.99	https://photos.okolo.app/product/1354464-main/320x320.jpeg
Энергетический напиток Drive Me Nitro Boost 499мл	56.99	13	1 шт	65.54	https://photos.okolo.app/product/1366375-main/320x320.jpeg
Напиток безалкогольный Вкус На Все Времена Дюшес среднегазированный, 1.5л	69.99	0.0	1 шт	69.99	https://photos.okolo.app/product/1209270-main/320x320.jpeg
Напиток безалкогольный Вкус На Все Времена Лимонад сильногазированный, 500мл	48.99	0.0	1 шт	48.99	https://photos.okolo.app/product/1209093-main/320x320.jpeg
Напиток безалкогольный Вкус На Все Времена Дюшес сильногазированный, 500мл	48.99	0.0	1 шт	48.99	https://photos.okolo.app/product/1209091-main/320x320.jpeg
Напиток газированный Волчок с соком персика 450мл	76.19	0.0	1 шт	76.19	https://photos.okolo.app/product/1366771-main/320x320.jpeg
Вода Borjomi Flavored Water Дикая земляника и экстракт артемизии 330мл	78.99	0.0	1 шт	78.99	https://photos.okolo.app/product/1208801-main/320x320.jpeg
Напиток Красная цена яблоко 1л	46.99	0.0	1 шт	46.99	https://photos.okolo.app/product/1208795-main/320x320.jpeg
Энергетический напиток Gorilla Манго и кокос 0.45л	75.99	0.0	1 шт	75.99	https://photos.okolo.app/product/1235839-main/320x320.jpeg
Вода Святой источник Спортик артезианская йод-калиевая высшей категории негазированная, 330мл	31.99	0.0	1 шт	31.99	https://photos.okolo.app/product/1207409-main/320x320.jpeg
Энергетический напиток Adrenaline Rush без сахара 0.449л	99.99	0.0	1 шт	99.99	https://photos.okolo.app/product/1206493-main/320x320.jpeg
Yes! Tea Лесные ягоды 1л холодный черный чай	98.99	0.0	1 шт	98.99	https://photos.okolo.app/product/1206377-main/320x320.jpeg
Yes! Tea С манго и ромашкой 1л холодный зеленый чай	98.99	0.0	1 шт	98.99	https://photos.okolo.app/product/1206386-main/320x320.jpeg
Yes! Tea Лесные ягоды 0.5л холодный черный чай	79.99	0.0	1 шт	79.99	https://photos.okolo.app/product/1206376-main/320x320.jpeg
Yes! Tea Клубника-малина 0.5л холодный зеленый чай	79.99	0.0	1 шт	79.99	https://photos.okolo.app/product/1206374-main/320x320.jpeg
Сок J7 Яблоко осветленный 300мл	64.99	0.0	1 шт	64.99	https://photos.okolo.app/product/1205605-main/320x320.jpeg
Квас Русский Узор живого брожения, 1.5л	69.99	0.0	1 шт	69.99	https://photos.okolo.app/product/1203610-main/320x320.jpeg
Квас Русский узор 2,5 л	104.99	0.0	1 шт	104.99	https://photos.okolo.app/product/1203514-main/320x320.jpeg
Напиток Aqua Minerale Active Цитрус 1л	74.99	0.0	1 шт	74.99	https://photos.okolo.app/product/1203349-main/320x320.jpeg
Напиток Aqua Minerale Active Цитрус 500мл	59.99	0.0	1 шт	59.99	https://photos.okolo.app/product/1203347-main/320x320.jpeg
Напиток сокосодержащий Global Village Тропическое манго из апельсинов манго и мандаринов негазированный, 950мл	64.99	0.0	1 шт	64.99	https://photos.okolo.app/product/1203340-main/320x320.jpeg
Напиток сокосодержащий Global Village яблоко-черноплодная рябина-клубника-земляника, 950мл	64.99	0.0	1 шт	64.99	https://photos.okolo.app/product/1203339-main/320x320.jpeg
Энергетический напиток Black Monster Mango Loco 0.449л	124.99	0.0	1 шт	124.99	https://photos.okolo.app/product/1203159-main/320x320.jpeg
Напиток безалкогольный Fantola Бабл гам газированный, 1л	62.99	0.0	1 шт	62.99	https://photos.okolo.app/product/1203077-main/320x320.jpeg
Энергетический напиток Burn Original 0.449л	129.99	0.0	1 шт	129.99	https://photos.okolo.app/product/1201886-main/320x320.jpeg
Нектар Soko Grande манго с мякотью, 300мл	69.99	0.0	1 шт	69.99	https://photos.okolo.app/product/1201565-main/320x320.jpeg
Напиток Липецкая росинка Вишня газированный 1.5л	47.99	29	1 шт	67.99	https://photos.okolo.app/product/1200402-main/320x320.jpeg
Вода Ессентуки №4 минеральная природная питьевая лечебно-столовая газированная, 1л	77.99	0.0	1 шт	77.99	https://photos.okolo.app/product/1198250-main/320x320.jpeg
Вода Ессентуки №17 минеральная природная питьевая лечебная газированная, 450мл	74.99	0.0	1 шт	74.99	https://photos.okolo.app/product/1198249-main/320x320.jpeg
Вода Ессентуки №4 минеральная природная питьевая лечебно-столовая газированная, 450мл	72.99	0.0	1 шт	72.99	https://photos.okolo.app/product/1198248-main/320x320.jpeg
Напиток Fresh Mango с кусочками кокосового желе со вкусом манго, 320мл	42.99	23	1 шт	55.99	https://photos.okolo.app/product/1197857-main/320x320.jpeg
Холодный чай Nestea чёрный со вкусом манго и ананаса, 1.5л	164.99	0.0	1 шт	164.99	https://photos.okolo.app/product/1197767-main/320x320.jpeg
Вода Черноголовка артезианская негазированная, 2.5л	63.99	0.0	1 шт	63.99	https://photos.okolo.app/product/1197632-main/320x320.jpeg
Сок J7 Апельсиновый с мякотью 300мл	44.99	31	1 шт	64.99	https://photos.okolo.app/product/1197188-main/320x320.jpeg
Энергетический напиток Flash Up Max 1л	99.99	0.0	1 шт	99.99	https://photos.okolo.app/product/1197010-main/320x320.jpeg
Вода Societe Minerale Originale питьевая негазированная, 500мл	20.49	0.0	1 шт	20.49	https://photos.okolo.app/product/1196511-main/320x320.jpeg
Вода Societe Minerale артезианская газированная 0.5л	20.49	0.0	1 шт	20.49	https://photos.okolo.app/product/1196510-main/320x320.jpeg
Холодный чай Lipton зеленый 250мл	71.49	0.0	1 шт	71.49	https://photos.okolo.app/product/1195735-main/320x320.jpeg
Вода Borjomi минеральная газированная 1.25л	169.99	0.0	1 шт	169.99	https://photos.okolo.app/product/1195629-main/320x320.jpeg
Вода Societe Minerale питьевая лимонная негазированная 0,5 л	39.99	0.0	1 шт	39.99	https://photos.okolo.app/product/1195525-main/320x320.jpeg
Сок J7 Мультифрукт с мякотью 970мл	129.99	0.0	1 шт	129.99	https://photos.okolo.app/product/1195450-main/320x320.jpeg
Вода Arivali Нагутская-26 минеральная газированная 0.5л	35.99	0.0	1 шт	35.99	https://photos.okolo.app/product/1195330-main/320x320.jpeg
Энергетический напиток Adrenaline Game Fuel 449мл	99.99	0.0	1 шт	99.99	https://photos.okolo.app/product/1194826-main/320x320.jpeg
Энергетический напиток Adrenaline Rush ягодная энергия 449мл	99.99	0.0	1 шт	99.99	https://photos.okolo.app/product/1194825-main/320x320.jpeg
Энергетический напиток Adrenaline Rush 449мл	99.99	0.0	1 шт	99.99	https://photos.okolo.app/product/1194823-main/320x320.jpeg
Энергетический напиток Red Bull (Ред Булл) 0.25л	129.99	0.0	1 шт	129.99	https://photos.okolo.app/product/1158065-main/320x320.jpeg
Напиток Aqua Minerale с соком Лимон негазированный 500мл	59.99	0.0	1 шт	59.99	https://photos.okolo.app/product/1194320-main/320x320.jpeg
Нектар Soko Grande банановый с мякотью	119.99	0.0	1 шт	119.99	https://photos.okolo.app/product/1193752-main/320x320.jpeg
Tornado Max Storm 1л энергетический напиток	79.99	0.0	1 шт	79.99	https://photos.okolo.app/product/1193364-main/320x320.jpeg
Нектар Rich вишнёвый, 1л	119.99	0.0	1 шт	119.99	https://photos.okolo.app/product/1158040-main/320x320.jpeg
Вода Сенежская минеральная питьевая негазированная 1.5л	30.99	0.0	1 шт	30.99	https://photos.okolo.app/product/1158012-main/320x320.jpeg
Нектар Soko Grande Манго с мякотью, 750мл	119.99	20	1 шт	149.99	https://photos.okolo.app/product/1192692-main/320x320.jpeg
Сок Global Village томатный, 950мл	79.99	0.0	1 шт	79.99	https://photos.okolo.app/product/1192604-main/320x320.jpeg
Genesis Purple Star 0.5л энергетический напиток	69.99	18	1 шт	84.99	https://photos.okolo.app/product/1191365-main/320x320.jpeg
Тоник Evervess Биттер Лемон газированный 1л	89.99	0.0	1 шт	89.99	https://photos.okolo.app/product/1423076-main/320x320.jpeg
Энергетический напиток Gorilla 0.45л	87.49	0.0	1 шт	87.49	https://photos.okolo.app/product/1190244-main/320x320.jpeg
Tornado Storm 0.45л энергетический напиток	54.99	0.0	1 шт	54.99	https://photos.okolo.app/product/1187366-main/320x320.jpeg
E-ON Almond Rush 0.45л энергетический напиток	79.99	0.0	1 шт	79.99	https://photos.okolo.app/product/1187360-main/320x320.jpeg
Вода Арза минеральная лечебно-столовая газированная, 1.5л	52.99	0.0	1 шт	52.99	https://photos.okolo.app/product/1187001-main/320x320.jpeg
Вода Заповедник здоровья Нагутская-26 минеральная лечебно-столовая газированная, 1.5л	58.99	0.0	1 шт	58.99	https://photos.okolo.app/product/1186800-main/320x320.jpeg
Напиток пивной безалкогольный Балтика №0 Пшеничный нефильтрованный 450мл	49.99	0.0	1 шт	49.99	https://photos.okolo.app/product/1183772-main/320x320.jpeg
Вода Архыз Легенда Гор минеральная природная питьевая столовая негазированная, 5л	99.99	13	1 шт	114.99	https://photos.okolo.app/product/1183518-main/320x320.jpeg
Вода Архыз Легенда Гор минеральная природная питьевая столовая негазированная, 500мл	37.99	0.0	1 шт	37.99	https://photos.okolo.app/product/1183514-main/320x320.jpeg
Вода Пилигрим Талая минеральная питьевая столовая газированная, 1.5л	28.19	0.0	1 шт	28.19	https://photos.okolo.app/product/1183480-main/320x320.jpeg
Сок Global Village яблочный, 950мл	79.99	0.0	1 шт	79.99	https://photos.okolo.app/product/1183444-main/320x320.jpeg
Нектар Global Village  вишневый осветленный 0.95л	94.99	0.0	1 шт	94.99	https://photos.okolo.app/product/1183443-main/320x320.jpeg
Вода Архыз Легенда Гор минеральная газированная 1.5л	34.49	0.0	1 шт	34.49	https://photos.okolo.app/product/1182814-main/320x320.jpeg
Вода Архыз Легенда Гор минеральная негазированная 1.5л	34.49	0.0	1 шт	34.49	https://photos.okolo.app/product/1182813-main/320x320.jpeg
Квас Лидский Хлебный 1.5л	99.99	0.0	1 шт	99.99	https://photos.okolo.app/product/1182749-main/320x320.jpeg
Нектар Global Village вишнёвый 200мл	26.99	0.0	1 шт	26.99	https://photos.okolo.app/product/1182742-main/320x320.jpeg
Сок Global Village яблочный 0.2л	26.99	0.0	1 шт	26.99	https://photos.okolo.app/product/1182680-main/320x320.jpeg
Вода Псыж минеральная питьевая лечебно-столовая газированная, 1л	58.19	0.0	1 шт	58.19	https://photos.okolo.app/product/1182597-main/320x320.jpeg
Вода Джермук минеральная природная питьевая лечебно-столовая газированная, 500мл	96.49	0.0	1 шт	96.49	https://photos.okolo.app/product/1180968-main/320x320.jpeg
Напиток безалкогольный Yes! Персик негазированный, 1л	54.99	0.0	1 шт	54.99	https://photos.okolo.app/product/1179128-main/320x320.jpeg
Напиток Fresh Cola сильногазированный 2л	79.99	0.0	1 шт	79.99	https://photos.okolo.app/product/1178044-main/320x320.jpeg
Вода Шишкин Лес питьевая негазированная 1л	37.99	0.0	1 шт	37.99	https://photos.okolo.app/product/1157989-main/320x320.jpeg
Пиво безалкогольное Балтика №0 светлое 0.5% 450мл	49.99	0.0	1 шт	49.99	https://photos.okolo.app/product/1177047-main/320x320.jpeg
Нектар Любимый Спелый томат 0.95л	79.99	0.0	1 шт	79.99	https://photos.okolo.app/product/1177013-main/320x320.jpeg
Чай Lipton зеленый 0.5л	79.99	0.0	1 шт	79.99	https://photos.okolo.app/product/1176275-main/320x320.jpeg
Холодный чай Lipton лимон 1.5л	149.99	0.0	1 шт	149.99	https://photos.okolo.app/product/1176071-main/320x320.jpeg
Вода Аш-Тау минеральная лечебно-столовая газированная, 1.5л	75.49	0.0	1 шт	75.49	https://photos.okolo.app/product/1175980-main/320x320.jpeg
Напиток газированный Красная цена Тархун 2 л	34.49	0.0	1 шт	34.49	https://photos.okolo.app/product/1175611-main/320x320.jpeg
Напиток Красная цена Дюшес 2л	34.49	0.0	1 шт	34.49	https://photos.okolo.app/product/1175507-main/320x320.jpeg
Напиток Красная цена Кола 2 л	34.49	0.0	1 шт	34.49	https://photos.okolo.app/product/1175506-main/320x320.jpeg
Вода артезианская Societe Minerale питьевая негазированная, 5л	79.99	0.0	1 шт	79.99	https://photos.okolo.app/product/1174135-main/320x320.jpeg
Вода Красная цена питьевая негазированная 5 л	44.99	0.0	1 шт	44.99	https://photos.okolo.app/product/1174134-main/320x320.jpeg
Напиток безалкогольный Фрутмотив Тропический микс негазированный, 1.5л	106.99	0.0	1 шт	106.99	https://photos.okolo.app/product/1174030-main/320x320.jpeg
Вода Arivali минеральная лечебно-столовая питьевая газированная, 1л	41.99	16	1 шт	49.99	https://photos.okolo.app/product/1173990-main/320x320.jpeg
Напиток энергетический Drive Me Оригинальный 500мл	49.99	0.0	1 шт	49.99	https://photos.okolo.app/product/1473753-main/320x320.jpeg
Напиток безалкогольный Fresh Алоэ негазированный, 1.5л	129.99	0.0	1 шт	129.99	https://photos.okolo.app/product/1173202-main/320x320.jpeg
Вода минеральная Societe Minerale лечебно-столовая газированная, 1,5 л	46.49	0.0	1 шт	46.49	https://photos.okolo.app/product/1171251-main/320x320.jpeg
Вода Красная Цена питьевая негазированная 6л	52.99	0.0	1 шт	52.99	https://photos.okolo.app/product/1170939-main/320x320.jpeg
Напиток сокосодержащий Pulpy апельсин с мякотью 450мл	85.49	0.0	1 шт	85.49	https://photos.okolo.app/product/1170117-main/320x320.jpeg
Морс Ягодный край брусничный 1л	84.99	0.0	1 шт	84.99	https://photos.okolo.app/product/1169171-main/320x320.jpeg
Вода Ессентуки минеральная целебная газированная, 1.5л	65.49	0.0	1 шт	65.49	https://photos.okolo.app/product/1168845-main/320x320.jpeg
Вода Нарзан минеральная природная газированная, 1л	75.99	0.0	1 шт	75.99	https://photos.okolo.app/product/1168554-main/320x320.jpeg
Напиток Красная Цена Кола газированный, 500мл	16.49	0.0	1 шт	16.49	https://photos.okolo.app/product/1168535-main/320x320.jpeg
Квас живой Царские Припасы Традиционный, 1л	99.99	0.0	1 шт	99.99	https://photos.okolo.app/product/1168408-main/320x320.jpeg
Вода Святой источник природная питьевая негазированная, 1л	38.99	0.0	1 шт	38.99	https://photos.okolo.app/product/1168340-main/320x320.jpeg
Напиток безалкогольный сильногазированный Orange Fresh, 2 л	79.99	0.0	1 шт	79.99	https://photos.okolo.app/product/1168258-main/320x320.jpeg
100KWT Original 0.5л энергетический напиток	55.99	0.0	1 шт	55.99	https://photos.okolo.app/product/1167832-main/320x320.jpeg
Нектар Я Вишня осветленный 970мл	169.99	0.0	1 шт	169.99	https://photos.okolo.app/product/1167603-main/320x320.jpeg
Нектар Я Мандарин-апельсин 970мл	169.99	0.0	1 шт	169.99	https://photos.okolo.app/product/1235702-main/320x320.jpeg
Вода Святой источник природная питьевая негазированная, 5л	107.99	0.0	1 шт	107.99	https://photos.okolo.app/product/1167496-main/320x320.jpeg
Вода минеральная Societe Minerale газированная, 1.5л	33.99	0.0	1 шт	33.99	https://photos.okolo.app/product/1167371-main/320x320.jpeg
Вода Societe Minerale питьевая природная негазированная 1.5 л	33.99	0.0	1 шт	33.99	https://photos.okolo.app/product/1167370-main/320x320.jpeg
Вода Красная цена питьевая негазированная ПЭТ 2л	30.49	0.0	1 шт	30.49	https://photos.okolo.app/product/1166877-main/320x320.jpeg
Вода Красная цена питьевая газированная ПЭТ 2л	30.49	0.0	1 шт	30.49	https://photos.okolo.app/product/1166876-main/320x320.jpeg
Flash Up Energy 0.5л энергетический напиток	54.99	0.0	1 шт	54.99	https://photos.okolo.app/product/1166604-main/320x320.jpeg
Напиток безалкогольный Laimon Фреш макс газированный, 1.5л	119.99	0.0	1 шт	119.99	https://photos.okolo.app/product/1165372-main/320x320.jpeg
Вода Шишкин лес питьевая газированная, 1л	37.99	0.0	1 шт	37.99	https://photos.okolo.app/product/1164732-main/320x320.jpeg
Вода Шишкин лес питьевая негазированная, 1.75л	44.99	13	1 шт	51.74	https://photos.okolo.app/product/1164673-main/320x320.jpeg
Вода Святой источник питьевая негазированная, 330мл	22.99	0.0	1 шт	22.99	https://photos.okolo.app/product/1157921-main/320x320.jpeg
Сок J7 Томатный с мякотью, 970мл	129.99	0.0	1 шт	129.99	https://photos.okolo.app/product/1163476-main/320x320.jpeg
Напиток Фрутмотив вишня 1.5л	75.99	29	1 шт	106.99	https://photos.okolo.app/product/1163468-main/320x320.jpeg
Напиток безалкогольный Росинка апельсин негазированный, 1.5л	106.99	0.0	1 шт	106.99	https://photos.okolo.app/product/1163467-main/320x320.jpeg
Сок J7 яблочный 0.97л	129.99	0.0	1 шт	129.99	https://photos.okolo.app/product/1163349-main/320x320.jpeg
Сок J7 Апельсиновый с мякотью 970мл	129.99	0.0	1 шт	129.99	https://photos.okolo.app/product/1163345-main/320x320.jpeg
Red Bull (Ред Булл) 0.473л энергетический напиток	207.99	0.0	1 шт	207.99	https://photos.okolo.app/product/1163118-main/320x320.jpeg
Напиток Черноголовка Дюшес газированный 2л	94.99	13	1 шт	109.24	https://photos.okolo.app/product/1162591-main/320x320.jpeg
Напиток Черноголовка Байкал 2л	94.99	13	1 шт	109.24	https://photos.okolo.app/product/1162590-main/320x320.jpeg
Вода Святой источник Спорт питьевая негазированная, 750мл	49.99	0.0	1 шт	49.99	https://photos.okolo.app/product/1161996-main/320x320.jpeg
Напиток Черноголовка Тархун 2л	94.99	13	1 шт	109.24	https://photos.okolo.app/product/1161833-main/320x320.jpeg
Сок Сады Придонья яблочный прямого отжима 1л	79.99	0.0	1 шт	79.99	https://photos.okolo.app/product/1157804-main/320x320.jpeg
Вода Пилигрим минеральная питьевая столовая негазированная, 1.5л	28.19	0.0	1 шт	28.19	https://photos.okolo.app/product/1161101-main/320x320.jpeg
Red Bull (Ред Булл) 0.355л энергетический напиток	163.99	0.0	1 шт	163.99	https://photos.okolo.app/product/1160825-main/320x320.jpeg
Энергетический напиток Red Bull (Ред Булл)  без сахара 0.25л	129.99	0.0	1 шт	129.99	https://photos.okolo.app/product/1160608-main/320x320.jpeg
Напиток безалкогольный Черноголовка Байкал газированный, 1л	108.99	0.0	1 шт	108.99	https://photos.okolo.app/product/1157667-main/320x320.jpeg
Вода Пилигрим минеральная питьевая негазированная, 500мл	19.99	0.0	1 шт	19.99	https://photos.okolo.app/product/1160378-main/320x320.jpeg
Вода Эдельвейс минеральная лечебно-столовая газированная, 1.5л	42.49	0.0	1 шт	42.49	https://photos.okolo.app/product/1160242-main/320x320.jpeg
Вода Липецкий бювет минеральная лечебно-столовая газированная, 1.5л	52.99	0.0	1 шт	52.99	https://photos.okolo.app/product/1160039-main/320x320.jpeg
Квас Очаковский двойного брожения 2л	99.99	0.0	1 шт	99.99	https://photos.okolo.app/product/1159868-main/320x320.jpeg
Нектар Мой Мультифрукт 0.95л	69.99	0.0	1 шт	69.99	https://photos.okolo.app/product/1457449-main/320x320.jpeg
Вода Святой источник минеральная питьевая газированная 500мл	24.99	0.0	1 шт	24.99	https://photos.okolo.app/product/1157654-main/320x320.jpeg
Вода Святой источник природная питьевая газированная, 1.5л	34.19	0.0	1 шт	34.19	https://photos.okolo.app/product/1157653-main/320x320.jpeg
Вода Святой источник ключевая питьевая негазированная, 500мл	24.99	0.0	1 шт	24.99	https://photos.okolo.app/product/1157136-main/320x320.jpeg
Вода Святой источник ключевая питьевая негазированная, 1.5л	34.19	0.0	1 шт	34.19	https://photos.okolo.app/product/1157135-main/320x320.jpeg
Квас живой Царские Припасы Традиционный, 500мл	72.19	0.0	1 шт	72.19	https://photos.okolo.app/product/1157529-main/320x320.jpeg
Вода Славяновская минеральная природная лечебно-столовая газированная, 1л	44.99	0.0	1 шт	44.99	https://photos.okolo.app/product/1157357-main/320x320.jpeg
